Method,MAE
Linear Spline,6.765242946708465
Cubic Spline,8.019926439214307
Chebyshev,10.259684679526185
Lagrange,2.1616728120199097e+71
Newton,3.968888979417938e+101
