Method,Memory
Lagrange,5.265625
Linear Spline,11.828191583806818
Chebyshev,15.361416903409092
Newton,440.5390625
Cubic Spline,443.08096590909093
