Method,R2
Linear Spline,0.5947904481214704
Cubic Spline,0.42654910058134643
Chebyshev,-0.3761249777682733
Lagrange,-1.4214226664945974e+142
Newton,-1.129587013655871e+203
