Method,RMSE
Linear Spline,9.631427192985452
Cubic Spline,11.541290718563209
Chebyshev,15.745843909433301
Lagrange,1.6163081504559422e+72
Newton,2.515490215479663e+102
