Method,Time
Linear Spline,1.1160915548151191
Cubic Spline,11.634095148606733
Chebyshev,123.67725914174859
Newton,153.13442728736186
Lagrange,21762.0466188951
